{
  "neural_rmse": 0.1887169366700285,
  "neural_mae": 0.10411868248491775,
  "baseline_rmse": 0.18928565100347006,
  "baseline_mae": 0.09855578146817667
}