{
  "neural_rmse": 0.1851021368638789,
  "neural_mae": 0.10165716201803497,
  "baseline_rmse": 0.18928565100347006,
  "baseline_mae": 0.09855578146817667
}